t_s,Q_pred,Q_obs,CI_inf,CI_sup,PI_inf,PI_sup
0.0,49.987033612480666,50.84393637199734,45.28264747937331,54.69141974558802,45.28264747937331,54.69141974558802
1.0,49.987033612480666,53.51870465328429,45.28264747937331,54.69141974558802,45.28264747937331,54.69141974558802
2.0,49.987033612480666,50.22646226725436,45.28264747937331,54.69141974558802,45.28264747937331,54.69141974558802
3.0,49.987033612480666,51.60984698319214,45.28264747937331,54.69141974558802,45.28264747937331,54.69141974558802
4.0,49.987033612480666,44.87456974742244,45.28264747937331,54.69141974558802,45.28264747937331,54.69141974558802
5.0,49.987033612480666,49.87820399517471,45.28264747937331,54.69141974558802,45.28264747937331,54.69141974558802
6.0,49.987033612480666,47.89192432426782,45.28264747937331,54.69141974558802,45.28264747937331,54.69141974558802
7.0,49.987033612480666,46.95296734894093,45.28264747937331,54.69141974558802,45.28264747937331,54.69141974558802
8.0,49.987033612480666,47.80461908267812,45.28264747937331,54.69141974558802,45.28264747937331,54.69141974558802
9.0,49.987033612480666,49.16469139824797,45.28264747937331,54.69141974558802,45.28264747937331,54.69141974558802
10.0,49.987033612480666,52.289756355890034,45.28264747937331,54.69141974558802,45.28264747937331,54.69141974558802
11.0,49.987033612480666,46.68401820565109,45.28264747937331,54.69141974558802,45.28264747937331,54.69141974558802
12.0,49.987033612480666,50.076578731486045,45.28264747937331,54.69141974558802,45.28264747937331,54.69141974558802
13.0,49.987033612480666,48.78957641666605,45.28264747937331,54.69141974558802,45.28264747937331,54.69141974558802
14.0,49.987033612480666,49.1808172640951,45.28264747937331,54.69141974558802,45.28264747937331,54.69141974558802
15.0,49.987033612480666,52.50689456326151,45.28264747937331,54.69141974558802,45.28264747937331,54.69141974558802
16.0,49.987033612480666,51.34528859250982,45.28264747937331,54.69141974558802,45.28264747937331,54.69141974558802
17.0,49.987033612480666,53.34349526860686,45.28264747937331,54.69141974558802,45.28264747937331,54.69141974558802
18.0,49.987033612480666,49.61373580187525,45.28264747937331,54.69141974558802,45.28264747937331,54.69141974558802
19.0,49.987033612480666,48.260143470823245,45.28264747937331,54.69141974558802,45.28264747937331,54.69141974558802
20.0,49.987033612480666,49.44035295779875,45.28264747937331,54.69141974558802,45.28264747937331,54.69141974558802
21.0,49.987033612480666,50.606241978178055,45.28264747937331,54.69141974558802,45.28264747937331,54.69141974558802
22.0,49.987033612480666,50.44143339613428,45.28264747937331,54.69141974558802,45.28264747937331,54.69141974558802
23.0,49.987033612480666,47.289029819416584,45.28264747937331,54.69141974558802,45.28264747937331,54.69141974558802
24.0,49.987033612480666,50.22622445406969,45.28264747937331,54.69141974558802,45.28264747937331,54.69141974558802
25.0,49.987033612480666,50.57057082534726,45.28264747937331,54.69141974558802,45.28264747937331,54.69141974558802
26.0,49.987033612480666,56.2936850938348,45.28264747937331,54.69141974558802,45.28264747937331,54.69141974558802
27.0,49.987033612480666,54.69211152820417,45.28264747937331,54.69141974558802,45.28264747937331,54.69141974558802
28.0,49.987033612480666,47.86689162360295,45.28264747937331,54.69141974558802,45.28264747937331,54.69141974558802
29.0,49.987033612480666,49.28154159612706,45.28264747937331,54.69141974558802,45.28264747937331,54.69141974558802
30.0,49.987033612480666,46.34139499540749,45.28264747937331,54.69141974558802,45.28264747937331,54.69141974558802
31.0,49.987033612480666,48.52323246509128,45.28264747937331,54.69141974558802,45.28264747937331,54.69141974558802
32.0,49.987033612480666,50.78901250897585,45.28264747937331,54.69141974558802,45.28264747937331,54.69141974558802
33.0,49.987033612480666,53.014634052220586,45.28264747937331,54.69141974558802,45.28264747937331,54.69141974558802
34.0,49.987033612480666,48.17729040564098,45.28264747937331,54.69141974558802,45.28264747937331,54.69141974558802
35.0,49.987033612480666,48.36463389983051,45.28264747937331,54.69141974558802,45.28264747937331,54.69141974558802
36.0,49.987033612480666,44.63177742565336,45.28264747937331,54.69141974558802,45.28264747937331,54.69141974558802
37.0,49.987033612480666,49.59333519863773,45.28264747937331,54.69141974558802,45.28264747937331,54.69141974558802
38.0,49.987033612480666,47.34396397035109,45.28264747937331,54.69141974558802,45.28264747937331,54.69141974558802
39.0,49.987033612480666,48.676401431584814,45.28264747937331,54.69141974558802,45.28264747937331,54.69141974558802
40.0,49.987033612480666,47.80784805458103,45.28264747937331,54.69141974558802,45.28264747937331,54.69141974558802
41.0,49.987033612480666,49.764343614368606,45.28264747937331,54.69141974558802,45.28264747937331,54.69141974558802
42.0,49.987033612480666,45.605679021608424,45.28264747937331,54.69141974558802,45.28264747937331,54.69141974558802
43.0,49.987033612480666,46.33238688652252,45.28264747937331,54.69141974558802,45.28264747937331,54.69141974558802
44.0,49.987033612480666,55.323117780070746,45.28264747937331,54.69141974558802,45.28264747937331,54.69141974558802
45.0,49.987033612480666,46.78144354681492,45.28264747937331,54.69141974558802,45.28264747937331,54.69141974558802
46.0,49.987033612480666,47.2580360538634,45.28264747937331,54.69141974558802,45.28264747937331,54.69141974558802
47.0,49.987033612480666,54.59228382080329,45.28264747937331,54.69141974558802,45.28264747937331,54.69141974558802
48.0,49.987033612480666,57.26266792310102,45.28264747937331,54.69141974558802,45.28264747937331,54.69141974558802
49.0,49.987033612480666,47.07108342793664,45.28264747937331,54.69141974558802,45.28264747937331,54.69141974558802
50.0,49.987033612480666,49.07937760802992,45.28264747937331,54.69141974558802,45.28264747937331,54.69141974558802
51.0,49.987033612480666,50.853888877351274,45.28264747937331,54.69141974558802,45.28264747937331,54.69141974558802
52.0,49.987033612480666,54.321744111013984,45.28264747937331,54.69141974558802,45.28264747937331,54.69141974558802
53.0,49.987033612480666,47.532857303929404,45.28264747937331,54.69141974558802,45.28264747937331,54.69141974558802
54.0,49.987033612480666,49.386805385144726,45.28264747937331,54.69141974558802,45.28264747937331,54.69141974558802
55.0,49.987033612480666,51.943343940154364,45.28264747937331,54.69141974558802,45.28264747937331,54.69141974558802
56.0,49.987033612480666,51.08691518616655,45.28264747937331,54.69141974558802,45.28264747937331,54.69141974558802
57.0,49.987033612480666,49.05960982192475,45.28264747937331,54.69141974558802,45.28264747937331,54.69141974558802
58.0,49.987033612480666,49.665442588709894,45.28264747937331,54.69141974558802,45.28264747937331,54.69141974558802
59.0,49.987033612480666,46.562760479075045,45.28264747937331,54.69141974558802,45.28264747937331,54.69141974558802
60.0,49.987033612480666,49.40456564006334,45.28264747937331,54.69141974558802,45.28264747937331,54.69141974558802
61.0,49.987033612480666,49.33403127497761,45.28264747937331,54.69141974558802,45.28264747937331,54.69141974558802
62.0,49.987033612480666,50.58042472406564,45.28264747937331,54.69141974558802,45.28264747937331,54.69141974558802
63.0,49.987033612480666,48.61168195295246,45.28264747937331,54.69141974558802,45.28264747937331,54.69141974558802
64.0,49.987033612480666,51.17884630636285,45.28264747937331,54.69141974558802,45.28264747937331,54.69141974558802
65.0,49.987033612480666,52.53178954454957,45.28264747937331,54.69141974558802,45.28264747937331,54.69141974558802
66.0,49.987033612480666,50.388573319171165,45.28264747937331,54.69141974558802,45.28264747937331,54.69141974558802
67.0,49.987033612480666,50.87939102099801,45.28264747937331,54.69141974558802,45.28264747937331,54.69141974558802
68.0,49.987033612480666,50.13288836894467,45.28264747937331,54.69141974558802,45.28264747937331,54.69141974558802
69.0,49.987033612480666,50.00021098272853,45.28264747937331,54.69141974558802,45.28264747937331,54.69141974558802
70.0,49.987033612480666,48.19610491614288,45.28264747937331,54.69141974558802,45.28264747937331,54.69141974558802
71.0,49.987033612480666,50.79123565418327,45.28264747937331,54.69141974558802,45.28264747937331,54.69141974558802
72.0,49.987033612480666,49.756783503966275,45.28264747937331,54.69141974558802,45.28264747937331,54.69141974558802
73.0,49.987033612480666,55.23292077232649,45.28264747937331,54.69141974558802,45.28264747937331,54.69141974558802
74.0,49.987033612480666,53.933387256188105,45.28264747937331,54.69141974558802,45.28264747937331,54.69141974558802
75.0,49.987033612480666,50.96461638139125,45.28264747937331,54.69141974558802,45.28264747937331,54.69141974558802
76.0,49.987033612480666,48.09235697576308,45.28264747937331,54.69141974558802,45.28264747937331,54.69141974558802
77.0,49.987033612480666,47.218971320041454,45.28264747937331,54.69141974558802,45.28264747937331,54.69141974558802
78.0,49.987033612480666,52.97785738272216,45.28264747937331,54.69141974558802,45.28264747937331,54.69141974558802
79.0,49.987033612480666,50.656873062867845,45.28264747937331,54.69141974558802,45.28264747937331,54.69141974558802
80.0,49.987033612480666,51.20035850847903,45.28264747937331,54.69141974558802,45.28264747937331,54.69141974558802
81.0,49.987033612480666,45.63853503256452,45.28264747937331,54.69141974558802,45.28264747937331,54.69141974558802
82.0,49.987033612480666,52.31859620389545,45.28264747937331,54.69141974558802,45.28264747937331,54.69141974558802
83.0,49.987033612480666,51.136050845535905,45.28264747937331,54.69141974558802,45.28264747937331,54.69141974558802
84.0,49.987033612480666,47.2239232889638,45.28264747937331,54.69141974558802,45.28264747937331,54.69141974558802
85.0,49.987033612480666,48.821187981375125,45.28264747937331,54.69141974558802,45.28264747937331,54.69141974558802
86.0,49.987033612480666,50.6592930108913,45.28264747937331,54.69141974558802,45.28264747937331,54.69141974558802
87.0,49.987033612480666,50.13116699589061,45.28264747937331,54.69141974558802,45.28264747937331,54.69141974558802
88.0,49.987033612480666,49.269572035491116,45.28264747937331,54.69141974558802,45.28264747937331,54.69141974558802
89.0,49.987033612480666,49.741279329835095,45.28264747937331,54.69141974558802,45.28264747937331,54.69141974558802
90.0,49.987033612480666,49.37005655448279,45.28264747937331,54.69141974558802,45.28264747937331,54.69141974558802
91.0,49.987033612480666,50.38140628025617,45.28264747937331,54.69141974558802,45.28264747937331,54.69141974558802
92.0,49.987033612480666,53.678729932482895,45.28264747937331,54.69141974558802,45.28264747937331,54.69141974558802
93.0,49.987033612480666,43.583353897671756,45.28264747937331,54.69141974558802,45.28264747937331,54.69141974558802
94.0,49.987033612480666,49.40787433872579,45.28264747937331,54.69141974558802,45.28264747937331,54.69141974558802
95.0,49.987033612480666,50.44128105343112,45.28264747937331,54.69141974558802,45.28264747937331,54.69141974558802
96.0,49.987033612480666,50.73998497421775,45.28264747937331,54.69141974558802,45.28264747937331,54.69141974558802
97.0,49.987033612480666,49.07021354669678,45.28264747937331,54.69141974558802,45.28264747937331,54.69141974558802
98.0,49.987033612480666,45.60819554380355,45.28264747937331,54.69141974558802,45.28264747937331,54.69141974558802
99.0,49.987033612480666,50.819988709285276,45.28264747937331,54.69141974558802,45.28264747937331,54.69141974558802
100.0,49.987033612480666,54.31837553541046,45.28264747937331,54.69141974558802,45.28264747937331,54.69141974558802
101.0,49.987033612480666,46.165346487709655,45.28264747937331,54.69141974558802,45.28264747937331,54.69141974558802
102.0,49.987033612480666,52.15957003424547,45.28264747937331,54.69141974558802,45.28264747937331,54.69141974558802
103.0,49.987033612480666,49.17868694219276,45.28264747937331,54.69141974558802,45.28264747937331,54.69141974558802
104.0,49.987033612480666,49.84668913542788,45.28264747937331,54.69141974558802,45.28264747937331,54.69141974558802
105.0,49.987033612480666,47.36775372324013,45.28264747937331,54.69141974558802,45.28264747937331,54.69141974558802
106.0,49.987033612480666,49.16385956911031,45.28264747937331,54.69141974558802,45.28264747937331,54.69141974558802
107.0,49.987033612480666,53.25011148674739,45.28264747937331,54.69141974558802,45.28264747937331,54.69141974558802
108.0,49.987033612480666,51.456638104969265,45.28264747937331,54.69141974558802,45.28264747937331,54.69141974558802
109.0,49.987033612480666,54.33077901352486,45.28264747937331,54.69141974558802,45.28264747937331,54.69141974558802
110.0,49.987033612480666,52.94352972244423,45.28264747937331,54.69141974558802,45.28264747937331,54.69141974558802
111.0,49.987033612480666,51.09771669732394,45.28264747937331,54.69141974558802,45.28264747937331,54.69141974558802
112.0,49.987033612480666,54.35983631541948,45.28264747937331,54.69141974558802,45.28264747937331,54.69141974558802
113.0,49.987033612480666,51.09748289684575,45.28264747937331,54.69141974558802,45.28264747937331,54.69141974558802
114.0,49.987033612480666,52.069970441992645,45.28264747937331,54.69141974558802,45.28264747937331,54.69141974558802
115.0,49.987033612480666,49.25857261616323,45.28264747937331,54.69141974558802,45.28264747937331,54.69141974558802
116.0,49.987033612480666,50.166364539648015,45.28264747937331,54.69141974558802,45.28264747937331,54.69141974558802
117.0,49.987033612480666,48.256440441749305,45.28264747937331,54.69141974558802,45.28264747937331,54.69141974558802
118.0,49.987033612480666,52.47395983648713,45.28264747937331,54.69141974558802,45.28264747937331,54.69141974558802
119.0,49.987033612480666,47.054240942212836,45.28264747937331,54.69141974558802,45.28264747937331,54.69141974558802
120.0,49.987033612480666,51.95587585604415,45.28264747937331,54.69141974558802,45.28264747937331,54.69141974558802
121.0,49.987033612480666,49.523372356237104,45.28264747937331,54.69141974558802,45.28264747937331,54.69141974558802
122.0,49.987033612480666,52.9281177336683,45.28264747937331,54.69141974558802,45.28264747937331,54.69141974558802
123.0,49.987033612480666,51.877172471828146,45.28264747937331,54.69141974558802,45.28264747937331,54.69141974558802
124.0,49.987033612480666,54.55161539411701,45.28264747937331,54.69141974558802,45.28264747937331,54.69141974558802
125.0,49.987033612480666,51.826936727846615,45.28264747937331,54.69141974558802,45.28264747937331,54.69141974558802
126.0,49.987033612480666,46.0698993608669,45.28264747937331,54.69141974558802,45.28264747937331,54.69141974558802
127.0,49.987033612480666,49.8326170677545,45.28264747937331,54.69141974558802,45.28264747937331,54.69141974558802
128.0,49.987033612480666,47.06998201851296,45.28264747937331,54.69141974558802,45.28264747937331,54.69141974558802
129.0,49.987033612480666,48.70430039408431,45.28264747937331,54.69141974558802,45.28264747937331,54.69141974558802
130.0,49.987033612480666,53.778071083191804,45.28264747937331,54.69141974558802,45.28264747937331,54.69141974558802
131.0,49.987033612480666,51.59383452724424,45.28264747937331,54.69141974558802,45.28264747937331,54.69141974558802
132.0,49.987033612480666,48.252673928553136,45.28264747937331,54.69141974558802,45.28264747937331,54.69141974558802
133.0,49.987033612480666,47.465706583899006,45.28264747937331,54.69141974558802,45.28264747937331,54.69141974558802
134.0,49.987033612480666,50.08195523219065,45.28264747937331,54.69141974558802,45.28264747937331,54.69141974558802
135.0,49.987033612480666,46.95859962654718,45.28264747937331,54.69141974558802,45.28264747937331,54.69141974558802
136.0,49.987033612480666,48.32214930650855,45.28264747937331,54.69141974558802,45.28264747937331,54.69141974558802
137.0,49.987033612480666,50.78002367887811,45.28264747937331,54.69141974558802,45.28264747937331,54.69141974558802
138.0,49.987033612480666,52.88828009026674,45.28264747937331,54.69141974558802,45.28264747937331,54.69141974558802
139.0,49.987033612480666,51.5219036805611,45.28264747937331,54.69141974558802,45.28264747937331,54.69141974558802
140.0,49.987033612480666,44.27177622850475,45.28264747937331,54.69141974558802,45.28264747937331,54.69141974558802
141.0,49.987033612480666,50.76091682257565,45.28264747937331,54.69141974558802,45.28264747937331,54.69141974558802
142.0,49.987033612480666,50.18008393308145,45.28264747937331,54.69141974558802,45.28264747937331,54.69141974558802
143.0,49.987033612480666,51.03472571343173,45.28264747937331,54.69141974558802,45.28264747937331,54.69141974558802
144.0,49.987033612480666,54.04052420412802,45.28264747937331,54.69141974558802,45.28264747937331,54.69141974558802
145.0,49.987033612480666,44.841904307988145,45.28264747937331,54.69141974558802,45.28264747937331,54.69141974558802
146.0,49.987033612480666,48.52224143702224,45.28264747937331,54.69141974558802,45.28264747937331,54.69141974558802
147.0,49.987033612480666,51.47726580698339,45.28264747937331,54.69141974558802,45.28264747937331,54.69141974558802
148.0,49.987033612480666,46.046014001365144,45.28264747937331,54.69141974558802,45.28264747937331,54.69141974558802
149.0,49.987033612480666,53.68987262013377,45.28264747937331,54.69141974558802,45.28264747937331,54.69141974558802
150.0,49.987033612480666,50.92089153175164,45.28264747937331,54.69141974558802,45.28264747937331,54.69141974558802
151.0,49.987033612480666,52.11645996460851,45.28264747937331,54.69141974558802,45.28264747937331,54.69141974558802
152.0,49.987033612480666,48.57264084619551,45.28264747937331,54.69141974558802,45.28264747937331,54.69141974558802
153.0,49.987033612480666,52.03440922491553,45.28264747937331,54.69141974558802,45.28264747937331,54.69141974558802
154.0,49.987033612480666,52.671178889972595,45.28264747937331,54.69141974558802,45.28264747937331,54.69141974558802
155.0,49.987033612480666,50.58219505034292,45.28264747937331,54.69141974558802,45.28264747937331,54.69141974558802
156.0,49.987033612480666,50.58600223174674,45.28264747937331,54.69141974558802,45.28264747937331,54.69141974558802
157.0,49.987033612480666,50.675858098204316,45.28264747937331,54.69141974558802,45.28264747937331,54.69141974558802
158.0,49.987033612480666,47.841636838151544,45.28264747937331,54.69141974558802,45.28264747937331,54.69141974558802
159.0,49.987033612480666,49.63117829939912,45.28264747937331,54.69141974558802,45.28264747937331,54.69141974558802
160.0,49.987033612480666,49.618693668869106,45.28264747937331,54.69141974558802,45.28264747937331,54.69141974558802
161.0,49.987033612480666,50.95848466088374,45.28264747937331,54.69141974558802,45.28264747937331,54.69141974558802
162.0,49.987033612480666,52.49956061727573,45.28264747937331,54.69141974558802,45.28264747937331,54.69141974558802
163.0,49.987033612480666,47.35365979505398,45.28264747937331,54.69141974558802,45.28264747937331,54.69141974558802
164.0,49.987033612480666,49.687477424201056,45.28264747937331,54.69141974558802,45.28264747937331,54.69141974558802
165.0,49.987033612480666,53.70363886914743,45.28264747937331,54.69141974558802,45.28264747937331,54.69141974558802
166.0,49.987033612480666,48.14102942796859,45.28264747937331,54.69141974558802,45.28264747937331,54.69141974558802
167.0,49.987033612480666,47.9443749567742,45.28264747937331,54.69141974558802,45.28264747937331,54.69141974558802
168.0,49.987033612480666,50.50576547957798,45.28264747937331,54.69141974558802,45.28264747937331,54.69141974558802
169.0,49.987033612480666,52.1109629762133,45.28264747937331,54.69141974558802,45.28264747937331,54.69141974558802
170.0,49.987033612480666,50.02856513890165,45.28264747937331,54.69141974558802,45.28264747937331,54.69141974558802
171.0,49.987033612480666,53.32240147609247,45.28264747937331,54.69141974558802,45.28264747937331,54.69141974558802
172.0,49.987033612480666,52.141984956416316,45.28264747937331,54.69141974558802,45.28264747937331,54.69141974558802
173.0,49.987033612480666,52.104550167225156,45.28264747937331,54.69141974558802,45.28264747937331,54.69141974558802
174.0,49.987033612480666,51.385291253310236,45.28264747937331,54.69141974558802,45.28264747937331,54.69141974558802
175.0,49.987033612480666,55.819132750865215,45.28264747937331,54.69141974558802,45.28264747937331,54.69141974558802
176.0,49.987033612480666,49.48709577783489,45.28264747937331,54.69141974558802,45.28264747937331,54.69141974558802
177.0,49.987033612480666,44.99119426983371,45.28264747937331,54.69141974558802,45.28264747937331,54.69141974558802
178.0,49.987033612480666,54.01063590379285,45.28264747937331,54.69141974558802,45.28264747937331,54.69141974558802
179.0,49.987033612480666,48.85575142260794,45.28264747937331,54.69141974558802,45.28264747937331,54.69141974558802
180.0,49.987033612480666,50.26970111085758,45.28264747937331,54.69141974558802,45.28264747937331,54.69141974558802
181.0,49.987033612480666,53.27387671215132,45.28264747937331,54.69141974558802,45.28264747937331,54.69141974558802
182.0,49.987033612480666,45.99435114735269,45.28264747937331,54.69141974558802,45.28264747937331,54.69141974558802
183.0,49.987033612480666,46.87088196473465,45.28264747937331,54.69141974558802,45.28264747937331,54.69141974558802
184.0,49.987033612480666,45.996805157202864,45.28264747937331,54.69141974558802,45.28264747937331,54.69141974558802
185.0,49.987033612480666,48.01465927493644,45.28264747937331,54.69141974558802,45.28264747937331,54.69141974558802
186.0,49.987033612480666,51.09909151504248,45.28264747937331,54.69141974558802,45.28264747937331,54.69141974558802
187.0,49.987033612480666,51.310469607031926,45.28264747937331,54.69141974558802,45.28264747937331,54.69141974558802
188.0,49.987033612480666,50.69068544832138,45.28264747937331,54.69141974558802,45.28264747937331,54.69141974558802
189.0,49.987033612480666,46.46808529026909,45.28264747937331,54.69141974558802,45.28264747937331,54.69141974558802
190.0,49.987033612480666,44.22474140841839,45.28264747937331,54.69141974558802,45.28264747937331,54.69141974558802
191.0,49.987033612480666,50.135883963475955,45.28264747937331,54.69141974558802,45.28264747937331,54.69141974558802
192.0,49.987033612480666,48.82055991590416,45.28264747937331,54.69141974558802,45.28264747937331,54.69141974558802
193.0,49.987033612480666,51.14846442929153,45.28264747937331,54.69141974558802,45.28264747937331,54.69141974558802
194.0,49.987033612480666,51.75488406555318,45.28264747937331,54.69141974558802,45.28264747937331,54.69141974558802
195.0,49.987033612480666,50.34560358014671,45.28264747937331,54.69141974558802,45.28264747937331,54.69141974558802
196.0,49.987033612480666,51.90033271343963,45.28264747937331,54.69141974558802,45.28264747937331,54.69141974558802
197.0,49.987033612480666,50.57302843528767,45.28264747937331,54.69141974558802,45.28264747937331,54.69141974558802
198.0,49.987033612480666,51.32516176400367,45.28264747937331,54.69141974558802,45.28264747937331,54.69141974558802
199.0,49.987033612480666,48.23831684282529,45.28264747937331,54.69141974558802,45.28264747937331,54.69141974558802
